id,name,length
103,Chromis_chrysura,51.7271643198111
104,Amphiprion_clarkii,57.96477893753826
105,Plectroglyphidodon_dickii,52.66046091555874
106,Chromis_chrysura,117.83052831487663
107,Chromis_chrysura,117.83051425465237
108,Chromis_chrysura,108.27046161522443
