id,name,length
126,Chromis_chrysura,117.83051425465237
127,Chromis_chrysura,117.83052831487663
128,Chromis_chrysura,117.83051425465237
