id,name,length
78,Chaetodon_lunulatus,103.23127021191988
79,Amphiprion_clarkii,78.86142167153251
80,Plectroglyphidodon_dickii,95.3203623657629
81,Chaetodon_lunulatus,99.83351859899422
82,Plectroglyphidodon_dickii,109.03078933218019
